frame	time	bmRequestType	bRequest	wValue	wIndex	wLength	dataOUT
8719	14.352674000	0x40	192	0x5066	0	3	9b010e
8721	14.352784000	0xc0	192	0x5066	0	1	
8723	14.353674000	0x40	192	0x509c	0	2	0000
8725	14.353758000	0x40	192	0x5066	0	3	9d0155
8727	14.354309000	0xc0	192	0x5066	0	1	
8731	14.355183000	0x40	192	0x509c	0	2	0000
8733	14.355268000	0x40	192	0x509c	0	2	b3ff
8735	14.355709000	0x40	192	0x509c	0	2	0002
8737	14.356251000	0x40	192	0x509c	0	2	27ff
8739	14.356786000	0x40	192	0x509c	0	2	0002
8741	14.357326000	0x40	192	0x5066	0	3	9d0111
8743	14.357766000	0xc0	192	0x5066	0	1	
8745	14.358651000	0x40	192	0x509c	0	2	0002
8747	14.358733000	0x40	192	0x5066	0	3	9d0112
8751	14.359189000	0xc0	192	0x5066	0	1	
8753	14.360068000	0x40	192	0x509c	0	2	0002
8755	14.360150000	0x40	192	0x5066	0	3	9d0112
8757	14.360596000	0xc0	192	0x5066	0	1	
8759	14.361471000	0x40	192	0x509c	0	2	0002
8761	14.361568000	0x40	192	0x5066	0	3	9d0111
8765	14.362001000	0xc0	192	0x5066	0	1	
8769	14.362883000	0x40	192	0x509c	0	2	0002
8771	14.362980000	0x40	192	0x509c	0	2	2000
8773	14.363430000	0x40	192	0x5066	0	3	9b0109
8775	14.363960000	0xc0	192	0x5066	0	1	
8783	14.366200000	0x40	192	0x5066	0	3	9b010e
8787	14.366845000	0xc0	192	0x5066	0	1	
8859	14.470451000	0x40	192	0x5066	0	3	9b010e
8861	14.470566000	0xc0	192	0x5066	0	1	
8865	14.471456000	0x40	192	0x509c	0	2	0000
8867	14.471534000	0x40	192	0x5066	0	3	9d0155
8871	14.472067000	0xc0	192	0x5066	0	1	
8873	14.472958000	0x40	192	0x509c	0	2	0000
8875	14.473038000	0x40	192	0x509c	0	2	b3ff
8877	14.473486000	0x40	192	0x509c	0	2	0002
8879	14.474026000	0x40	192	0x509c	0	2	27ff
8881	14.474566000	0x40	192	0x509c	0	2	0002
8885	14.475105000	0x40	192	0x5066	0	3	9d0111
8887	14.475540000	0xc0	192	0x5066	0	1	
8889	14.476420000	0x40	192	0x509c	0	2	0002
8891	14.476512000	0x40	192	0x5066	0	3	9d0112
8893	14.477009000	0xc0	192	0x5066	0	1	
8895	14.477827000	0x40	192	0x509c	0	2	0002
8897	14.477913000	0x40	192	0x5066	0	3	9d0112
8899	14.478348000	0xc0	192	0x5066	0	1	
8903	14.479256000	0x40	192	0x509c	0	2	0002
8905	14.479345000	0x40	192	0x5066	0	3	9d0111
8907	14.479796000	0xc0	192	0x5066	0	1	
8909	14.480684000	0x40	192	0x509c	0	2	0002
8911	14.480770000	0x40	192	0x509c	0	2	2000
8913	14.481226000	0x40	192	0x5066	0	3	9b0109
8915	14.481752000	0xc0	192	0x5066	0	1	
8927	14.483985000	0x40	192	0x5066	0	3	9b010e
8929	14.484612000	0xc0	192	0x5066	0	1	
9005	14.590876000	0x40	192	0x5066	0	3	9b010e
9007	14.590950000	0xc0	192	0x5066	0	1	
9009	14.591833000	0x40	192	0x509c	0	2	0000
9011	14.591919000	0x40	192	0x5066	0	3	9d0155
9015	14.592448000	0xc0	192	0x5066	0	1	
9017	14.593334000	0x40	192	0x509c	0	2	0000
9019	14.593431000	0x40	192	0x509c	0	2	b3ff
9021	14.593880000	0x40	192	0x509c	0	2	0002
9023	14.594416000	0x40	192	0x509c	0	2	27ff
9027	14.594998000	0x40	192	0x509c	0	2	0002
9029	14.595498000	0x40	192	0x5066	0	3	9d0111
9031	14.595936000	0xc0	192	0x5066	0	1	
9033	14.596817000	0x40	192	0x509c	0	2	0002
9035	14.596912000	0x40	192	0x5066	0	3	9d0112
9037	14.597349000	0xc0	192	0x5066	0	1	
9039	14.598241000	0x40	192	0x509c	0	2	0002
9041	14.598316000	0x40	192	0x5066	0	3	9d0112
9043	14.598767000	0xc0	192	0x5066	0	1	
9047	14.599652000	0x40	192	0x509c	0	2	0002
9049	14.599738000	0x40	192	0x5066	0	3	9d0111
9051	14.600184000	0xc0	192	0x5066	0	1	
9053	14.601060000	0x40	192	0x509c	0	2	0002
9055	14.601147000	0x40	192	0x509c	0	2	2000
9057	14.601603000	0x40	192	0x5066	0	3	9b0109
9061	14.602128000	0xc0	192	0x5066	0	1	
9071	14.604373000	0x40	192	0x5066	0	3	9b010e
9073	14.604997000	0xc0	192	0x5066	0	1	
9147	14.709884000	0x40	192	0x5066	0	3	9b010e
9149	14.709992000	0xc0	192	0x5066	0	1	
9153	14.710864000	0x40	192	0x509c	0	2	0000
9155	14.710966000	0x40	192	0x5066	0	3	9d0155
9161	14.711532000	0xc0	192	0x5066	0	1	
9165	14.712381000	0x40	192	0x509c	0	2	0000
9167	14.712483000	0x40	192	0x509c	0	2	b3ff
9169	14.712920000	0x40	192	0x509c	0	2	0002
9171	14.713469000	0x40	192	0x509c	0	2	27ff
9173	14.714005000	0x40	192	0x509c	0	2	0002
9175	14.714544000	0x40	192	0x5066	0	3	9d0111
9179	14.714973000	0xc0	192	0x5066	0	1	
9181	14.715861000	0x40	192	0x509c	0	2	0002
9183	14.715945000	0x40	192	0x5066	0	3	9d0112
9185	14.716386000	0xc0	192	0x5066	0	1	
9187	14.717271000	0x40	192	0x509c	0	2	0002
9189	14.717359000	0x40	192	0x5066	0	3	9d0112
9191	14.717827000	0xc0	192	0x5066	0	1	
9193	14.718703000	0x40	192	0x509c	0	2	0002
9195	14.718788000	0x40	192	0x5066	0	3	9d0111
9199	14.719226000	0xc0	192	0x5066	0	1	
9201	14.720110000	0x40	192	0x509c	0	2	0002
9203	14.720255000	0x40	192	0x509c	0	2	2000
9205	14.720647000	0x40	192	0x5066	0	3	9b0109
9207	14.721182000	0xc0	192	0x5066	0	1	
9219	14.723407000	0x40	192	0x5066	0	3	9b010e
9221	14.724038000	0xc0	192	0x5066	0	1	
9297	14.831121000	0x40	192	0x5066	0	3	9b010e
9299	14.831229000	0xc0	192	0x5066	0	1	
9303	14.832093000	0x40	192	0x509c	0	2	0000
9305	14.832193000	0x40	192	0x5066	0	3	9d0155
9307	14.832741000	0xc0	192	0x5066	0	1	
9309	14.833616000	0x40	192	0x509c	0	2	0000
9311	14.833698000	0x40	192	0x509c	0	2	b3ff
9313	14.834152000	0x40	192	0x509c	0	2	0002
9315	14.834688000	0x40	192	0x509c	0	2	27ff
9319	14.835212000	0x40	192	0x509c	0	2	0002
9321	14.835761000	0x40	192	0x5066	0	3	9d0111
9323	14.836203000	0xc0	192	0x5066	0	1	
9325	14.837081000	0x40	192	0x509c	0	2	0002
9327	14.837159000	0x40	192	0x5066	0	3	9d0112
9329	14.837617000	0xc0	192	0x5066	0	1	
9331	14.838498000	0x40	192	0x509c	0	2	0002
9333	14.838577000	0x40	192	0x5066	0	3	9d0112
9337	14.839020000	0xc0	192	0x5066	0	1	
9339	14.839910000	0x40	192	0x509c	0	2	0002
9341	14.839996000	0x40	192	0x5066	0	3	9d0111
9343	14.840460000	0xc0	192	0x5066	0	1	
9345	14.841334000	0x40	192	0x509c	0	2	0002
9347	14.841424000	0x40	192	0x509c	0	2	2000
9349	14.841890000	0x40	192	0x5066	0	3	9b0109
9353	14.842429000	0xc0	192	0x5066	0	1	
9363	14.844667000	0x40	192	0x5066	0	3	9b010e
9365	14.845294000	0xc0	192	0x5066	0	1	
9439	14.950553000	0x40	192	0x5066	0	3	9b010e
9441	14.950704000	0xc0	192	0x5066	0	1	
9445	14.951579000	0x40	192	0x509c	0	2	0000
9447	14.951684000	0x40	192	0x5066	0	3	9d0155
9451	14.952224000	0xc0	192	0x5066	0	1	
9453	14.953105000	0x40	192	0x509c	0	2	0000
9455	14.953239000	0x40	192	0x509c	0	2	b3ff
9457	14.953626000	0x40	192	0x509c	0	2	0002
9459	14.954160000	0x40	192	0x509c	0	2	27ff
9461	14.954701000	0x40	192	0x509c	0	2	0002
9465	14.955233000	0x40	192	0x5066	0	3	9d0111
9467	14.955665000	0xc0	192	0x5066	0	1	
9469	14.956578000	0x40	192	0x509c	0	2	0002
9471	14.956681000	0x40	192	0x5066	0	3	9d0112
9473	14.957109000	0xc0	192	0x5066	0	1	
9475	14.957987000	0x40	192	0x509c	0	2	0002
9477	14.958079000	0x40	192	0x5066	0	3	9d0112
9479	14.958511000	0xc0	192	0x5066	0	1	
9483	14.959391000	0x40	192	0x509c	0	2	0002
9485	14.959489000	0x40	192	0x5066	0	3	9d0111
9487	14.959931000	0xc0	192	0x5066	0	1	
9489	14.960831000	0x40	192	0x509c	0	2	0002
9491	14.960903000	0x40	192	0x509c	0	2	2000
9493	14.961375000	0x40	192	0x5066	0	3	9b0109
9495	14.961907000	0xc0	192	0x5066	0	1	
9507	14.964166000	0x40	192	0x5066	0	3	9b010e
9509	14.964797000	0xc0	192	0x5066	0	1	
9585	15.070916000	0x40	192	0x5066	0	3	9b010e
9587	15.071008000	0xc0	192	0x5066	0	1	
9589	15.071885000	0x40	192	0x509c	0	2	0000
9593	15.071992000	0x40	192	0x5066	0	3	9d0155
9595	15.072530000	0xc0	192	0x5066	0	1	
9597	15.073405000	0x40	192	0x509c	0	2	0000
9599	15.073503000	0x40	192	0x509c	0	2	b3ff
9601	15.073993000	0x40	192	0x509c	0	2	0002
9603	15.074481000	0x40	192	0x509c	0	2	27ff
9607	15.075022000	0x40	192	0x509c	0	2	0002
9609	15.075560000	0x40	192	0x5066	0	3	9d0111
9611	15.075998000	0xc0	192	0x5066	0	1	
9613	15.076908000	0x40	192	0x509c	0	2	0002
9615	15.077000000	0x40	192	0x5066	0	3	9d0112
9617	15.077436000	0xc0	192	0x5066	0	1	
9619	15.078344000	0x40	192	0x509c	0	2	0002
9621	15.078432000	0x40	192	0x5066	0	3	9d0112
9625	15.078881000	0xc0	192	0x5066	0	1	
9627	15.079786000	0x40	192	0x509c	0	2	0002
9629	15.079871000	0x40	192	0x5066	0	3	9d0111
9631	15.080335000	0xc0	192	0x5066	0	1	
9633	15.081217000	0x40	192	0x509c	0	2	0002
9635	15.081294000	0x40	192	0x509c	0	2	2000
9637	15.081761000	0x40	192	0x5066	0	3	9b0109
9641	15.082303000	0xc0	192	0x5066	0	1	
9651	15.084602000	0x40	192	0x5066	0	3	9b010e
9653	15.085191000	0xc0	192	0x5066	0	1	
9727	15.190501000	0x40	192	0x5066	0	3	9b010e
9729	15.190598000	0xc0	192	0x5066	0	1	
9733	15.191482000	0x40	192	0x509c	0	2	0000
9735	15.191578000	0x40	192	0x5066	0	3	9d0155
9739	15.192128000	0xc0	192	0x5066	0	1	
9741	15.193015000	0x40	192	0x509c	0	2	0000
9743	15.193080000	0x40	192	0x509c	0	2	b3ff
9745	15.193532000	0x40	192	0x509c	0	2	0002
9747	15.194079000	0x40	192	0x509c	0	2	27ff
9749	15.194605000	0x40	192	0x509c	0	2	0002
9753	15.195139000	0x40	192	0x5066	0	3	9d0111
9755	15.195572000	0xc0	192	0x5066	0	1	
9757	15.196468000	0x40	192	0x509c	0	2	0002
9759	15.196540000	0x40	192	0x5066	0	3	9d0112
9761	15.196985000	0xc0	192	0x5066	0	1	
9763	15.197880000	0x40	192	0x509c	0	2	0002
9765	15.197951000	0x40	192	0x5066	0	3	9d0112
9767	15.198397000	0xc0	192	0x5066	0	1	
9771	15.199296000	0x40	192	0x509c	0	2	0002
9773	15.199376000	0x40	192	0x5066	0	3	9d0111
9775	15.199820000	0xc0	192	0x5066	0	1	
9777	15.200710000	0x40	192	0x509c	0	2	0002
9779	15.200785000	0x40	192	0x509c	0	2	2000
9781	15.201225000	0x40	192	0x5066	0	3	9b0109
9783	15.201771000	0xc0	192	0x5066	0	1	
9795	15.204015000	0x40	192	0x5066	0	3	9b010e
9797	15.204642000	0xc0	192	0x5066	0	1	
9871	15.309648000	0x40	192	0x5066	0	3	9b010e
9873	15.309762000	0xc0	192	0x5066	0	1	
9875	15.310658000	0x40	192	0x509c	0	2	0000
9877	15.310753000	0x40	192	0x5066	0	3	9d0155
9881	15.311310000	0xc0	192	0x5066	0	1	
9885	15.312182000	0x40	192	0x509c	0	2	0000
9887	15.312267000	0x40	192	0x509c	0	2	b3ff
9889	15.312714000	0x40	192	0x509c	0	2	0002
9891	15.313259000	0x40	192	0x509c	0	2	27ff
9893	15.313794000	0x40	192	0x509c	0	2	0002
9895	15.314335000	0x40	192	0x5066	0	3	9d0111
9897	15.314769000	0xc0	192	0x5066	0	1	
9901	15.315655000	0x40	192	0x509c	0	2	0002
9903	15.315738000	0x40	192	0x5066	0	3	9d0112
9905	15.316193000	0xc0	192	0x5066	0	1	
9907	15.317074000	0x40	192	0x509c	0	2	0002
9909	15.317153000	0x40	192	0x5066	0	3	9d0112
9911	15.317612000	0xc0	192	0x5066	0	1	
9913	15.318493000	0x40	192	0x509c	0	2	0002
9915	15.318573000	0x40	192	0x5066	0	3	9d0111
9919	15.319018000	0xc0	192	0x5066	0	1	
9921	15.319904000	0x40	192	0x509c	0	2	0002
9923	15.319983000	0x40	192	0x509c	0	2	2000
9925	15.320459000	0x40	192	0x5066	0	3	9b0109
9927	15.320994000	0xc0	192	0x5066	0	1	
9939	15.323238000	0x40	192	0x5066	0	3	9b010e
9941	15.323857000	0xc0	192	0x5066	0	1	
10017	15.431400000	0x40	192	0x5066	0	3	9b010e
10019	15.431500000	0xc0	192	0x5066	0	1	
10023	15.432393000	0x40	192	0x509c	0	2	0000
10025	15.432487000	0x40	192	0x5066	0	3	9d0155
10027	15.433048000	0xc0	192	0x5066	0	1	
10029	15.433922000	0x40	192	0x509c	0	2	0000
10031	15.434003000	0x40	192	0x509c	0	2	b3ff
10033	15.434470000	0x40	192	0x509c	0	2	0002
10037	15.434984000	0x40	192	0x509c	0	2	27ff
10039	15.435545000	0x40	192	0x509c	0	2	0002
10041	15.436081000	0x40	192	0x5066	0	3	9d0111
10043	15.436544000	0xc0	192	0x5066	0	1	
10045	15.437411000	0x40	192	0x509c	0	2	0002
10047	15.437504000	0x40	192	0x5066	0	3	9d0112
10049	15.437967000	0xc0	192	0x5066	0	1	
10053	15.438904000	0x40	192	0x509c	0	2	0002
10055	15.438988000	0x40	192	0x5066	0	3	9d0112
10057	15.439453000	0xc0	192	0x5066	0	1	
10059	15.440339000	0x40	192	0x509c	0	2	0002
10061	15.440429000	0x40	192	0x5066	0	3	9d0111
10063	15.440877000	0xc0	192	0x5066	0	1	
10065	15.441758000	0x40	192	0x509c	0	2	0002
10067	15.441833000	0x40	192	0x509c	0	2	2000
10071	15.442287000	0x40	192	0x5066	0	3	9b0109
10075	15.442851000	0xc0	192	0x5066	0	1	
10083	15.445052000	0x40	192	0x5066	0	3	9b010e
10085	15.445679000	0xc0	192	0x5066	0	1	
10163	15.552852000	0x40	192	0x5066	0	3	9b010e
10165	15.552958000	0xc0	192	0x5066	0	1	
10167	15.553832000	0x40	192	0x509c	0	2	0000
10169	15.553924000	0x40	192	0x5066	0	3	9d0155
10171	15.554469000	0xc0	192	0x5066	0	1	
10175	15.555347000	0x40	192	0x509c	0	2	0000
10177	15.555444000	0x40	192	0x509c	0	2	b3ff
10179	15.555880000	0x40	192	0x509c	0	2	0002
10181	15.556434000	0x40	192	0x509c	0	2	27ff
10183	15.556975000	0x40	192	0x509c	0	2	0002
10185	15.557512000	0x40	192	0x5066	0	3	9d0111
10187	15.557945000	0xc0	192	0x5066	0	1	
10191	15.558874000	0x40	192	0x509c	0	2	0002
10193	15.558952000	0x40	192	0x5066	0	3	9d0112
10195	15.559391000	0xc0	192	0x5066	0	1	
10197	15.560285000	0x40	192	0x509c	0	2	0002
10199	15.560379000	0x40	192	0x5066	0	3	9d0112
10201	15.560833000	0xc0	192	0x5066	0	1	
10203	15.561742000	0x40	192	0x509c	0	2	0002
10205	15.561869000	0x40	192	0x5066	0	3	9d0111
10209	15.562295000	0xc0	192	0x5066	0	1	
10213	15.563156000	0x40	192	0x509c	0	2	0002
10215	15.563254000	0x40	192	0x509c	0	2	2000
10217	15.563708000	0x40	192	0x5066	0	3	9b0109
10219	15.564233000	0xc0	192	0x5066	0	1	
10227	15.566447000	0x40	192	0x5066	0	3	9b010e
10231	15.567069000	0xc0	192	0x5066	0	1	
10305	15.671655000	0x40	192	0x5066	0	3	9b010e
10307	15.671739000	0xc0	192	0x5066	0	1	
10311	15.672616000	0x40	192	0x509c	0	2	0000
10313	15.672712000	0x40	192	0x5066	0	3	9d0155
10315	15.673251000	0xc0	192	0x5066	0	1	
10317	15.674132000	0x40	192	0x509c	0	2	0000
10319	15.674232000	0x40	192	0x509c	0	2	b3ff
10321	15.674672000	0x40	192	0x509c	0	2	0002
10325	15.675211000	0x40	192	0x509c	0	2	27ff
10327	15.675753000	0x40	192	0x509c	0	2	0002
10329	15.676286000	0x40	192	0x5066	0	3	9d0111
10331	15.676724000	0xc0	192	0x5066	0	1	
10333	15.677610000	0x40	192	0x509c	0	2	0002
10335	15.677694000	0x40	192	0x5066	0	3	9d0112
10337	15.678139000	0xc0	192	0x5066	0	1	
10341	15.679022000	0x40	192	0x509c	0	2	0002
10343	15.679114000	0x40	192	0x5066	0	3	9d0112
10345	15.679551000	0xc0	192	0x5066	0	1	
10347	15.680481000	0x40	192	0x509c	0	2	0002
10349	15.680547000	0x40	192	0x5066	0	3	9d0111
10351	15.680986000	0xc0	192	0x5066	0	1	
10353	15.681861000	0x40	192	0x509c	0	2	0002
10357	15.681987000	0x40	192	0x509c	0	2	2000
10359	15.682398000	0x40	192	0x5066	0	3	9b0109
10363	15.682926000	0xc0	192	0x5066	0	1	
10371	15.685149000	0x40	192	0x5066	0	3	9b010e
10373	15.685784000	0xc0	192	0x5066	0	1	
10453	15.791520000	0x40	192	0x5066	0	3	9b010e
10455	15.791610000	0xc0	192	0x5066	0	1	
10459	15.792490000	0x40	192	0x509c	0	2	0000
10461	15.792587000	0x40	192	0x5066	0	3	9d0155
10463	15.793125000	0xc0	192	0x5066	0	1	
10465	15.794029000	0x40	192	0x509c	0	2	0000
10467	15.794101000	0x40	192	0x509c	0	2	b3ff
10469	15.794544000	0x40	192	0x509c	0	2	0002
10473	15.795070000	0x40	192	0x509c	0	2	27ff
10475	15.795616000	0x40	192	0x509c	0	2	0002
10477	15.796146000	0x40	192	0x5066	0	3	9d0111
10479	15.796594000	0xc0	192	0x5066	0	1	
10481	15.797472000	0x40	192	0x509c	0	2	0002
10483	15.797572000	0x40	192	0x5066	0	3	9d0112
10485	15.798001000	0xc0	192	0x5066	0	1	
10489	15.798877000	0x40	192	0x509c	0	2	0002
10491	15.798977000	0x40	192	0x5066	0	3	9d0112
10493	15.799427000	0xc0	192	0x5066	0	1	
10495	15.800298000	0x40	192	0x509c	0	2	0002
10497	15.800393000	0x40	192	0x5066	0	3	9d0111
10499	15.800839000	0xc0	192	0x5066	0	1	
10501	15.801717000	0x40	192	0x509c	0	2	0002
10503	15.801815000	0x40	192	0x509c	0	2	2000
10507	15.802256000	0x40	192	0x5066	0	3	9b0109
10509	15.802788000	0xc0	192	0x5066	0	1	
10519	15.805037000	0x40	192	0x5066	0	3	9b010e
10521	15.805673000	0xc0	192	0x5066	0	1	
10597	15.908681000	0x40	192	0x5066	0	3	9b010e
10599	15.908822000	0xc0	192	0x5066	0	1	
10601	15.909678000	0x40	192	0x509c	0	2	0000
10603	15.909782000	0x40	192	0x5066	0	3	9d0155
10605	15.910362000	0xc0	192	0x5066	0	1	
10609	15.911203000	0x40	192	0x509c	0	2	0000
10611	15.911299000	0x40	192	0x509c	0	2	b3ff
10613	15.911736000	0x40	192	0x509c	0	2	0002
10617	15.912266000	0x40	192	0x509c	0	2	27ff
10619	15.912809000	0x40	192	0x509c	0	2	0002
10621	15.913343000	0x40	192	0x5066	0	3	9d0111
10623	15.913782000	0xc0	192	0x5066	0	1	
10625	15.914656000	0x40	192	0x509c	0	2	0002
10627	15.914760000	0x40	192	0x5066	0	3	9d0112
10631	15.915197000	0xc0	192	0x5066	0	1	
10633	15.916075000	0x40	192	0x509c	0	2	0002
10635	15.916155000	0x40	192	0x5066	0	3	9d0112
10637	15.916605000	0xc0	192	0x5066	0	1	
10639	15.917482000	0x40	192	0x509c	0	2	0002
10641	15.917570000	0x40	192	0x5066	0	3	9d0111
10643	15.918016000	0xc0	192	0x5066	0	1	
10647	15.918895000	0x40	192	0x509c	0	2	0002
10649	15.918990000	0x40	192	0x509c	0	2	2000
10651	15.919485000	0x40	192	0x5066	0	3	9b0109
10653	15.919976000	0xc0	192	0x5066	0	1	
10663	15.922205000	0x40	192	0x5066	0	3	9b010e
10667	15.922870000	0xc0	192	0x5066	0	1	
10749	16.029822000	0x40	192	0x5066	0	3	9b010e
10751	16.029909000	0xc0	192	0x5066	0	1	
10753	16.030796000	0x40	192	0x509c	0	2	0000
10757	16.030884000	0x40	192	0x5066	0	3	9d0155
10761	16.031434000	0xc0	192	0x5066	0	1	
10767	16.032319000	0x40	192	0x509c	0	2	0000
10769	16.032445000	0x40	192	0x509c	0	2	b3ff
10771	16.032849000	0x40	192	0x509c	0	2	0002
10775	16.033388000	0x40	192	0x509c	0	2	27ff
10777	16.033928000	0x40	192	0x509c	0	2	0002
10779	16.034464000	0x40	192	0x5066	0	3	9d0111
10783	16.034892000	0xc0	192	0x5066	0	1	
10787	16.035777000	0x40	192	0x509c	0	2	0002
10789	16.035872000	0x40	192	0x5066	0	3	9d0112
10791	16.036316000	0xc0	192	0x5066	0	1	
10795	16.037192000	0x40	192	0x509c	0	2	0002
10797	16.037291000	0x40	192	0x5066	0	3	9d0112
10799	16.037728000	0xc0	192	0x5066	0	1	
10803	16.038606000	0x40	192	0x509c	0	2	0002
10805	16.038697000	0x40	192	0x5066	0	3	9d0111
10811	16.039141000	0xc0	192	0x5066	0	1	
10815	16.040024000	0x40	192	0x509c	0	2	0002
10817	16.040124000	0x40	192	0x509c	0	2	2000
10819	16.040568000	0x40	192	0x5066	0	3	9b0109
10823	16.041102000	0xc0	192	0x5066	0	1	
10837	16.043326000	0x40	192	0x5066	0	3	9b010e
10840	16.043954000	0xc0	192	0x5066	0	1	
11011	16.147548000	0x40	192	0x5066	0	3	9b010e
11013	16.147648000	0xc0	192	0x5066	0	1	
11015	16.148514000	0x40	192	0x509c	0	2	0000
11017	16.148605000	0x40	192	0x5066	0	3	9d0155
11019	16.149144000	0xc0	192	0x5066	0	1	
11021	16.150018000	0x40	192	0x509c	0	2	0000
11023	16.150122000	0x40	192	0x509c	0	2	b3ff
11025	16.150550000	0x40	192	0x509c	0	2	0002
11031	16.151086000	0x40	192	0x509c	0	2	27ff
11033	16.151629000	0x40	192	0x509c	0	2	0002
11037	16.152172000	0x40	192	0x5066	0	3	9d0111
11039	16.152609000	0xc0	192	0x5066	0	1	
11041	16.153490000	0x40	192	0x509c	0	2	0002
11043	16.153591000	0x40	192	0x5066	0	3	9d0112
11047	16.154026000	0xc0	192	0x5066	0	1	
11051	16.154950000	0x40	192	0x509c	0	2	0002
11053	16.155018000	0x40	192	0x5066	0	3	9d0112
11055	16.155449000	0xc0	192	0x5066	0	1	
11057	16.156336000	0x40	192	0x509c	0	2	0002
11059	16.156495000	0x40	192	0x5066	0	3	9d0111
11061	16.156886000	0xc0	192	0x5066	0	1	
11063	16.157797000	0x40	192	0x509c	0	2	0002
11065	16.157870000	0x40	192	0x509c	0	2	2000
11069	16.158317000	0x40	192	0x5066	0	3	9b0109
11073	16.158848000	0xc0	192	0x5066	0	1	
11083	16.161089000	0x40	192	0x5066	0	3	9b010e
11085	16.161715000	0xc0	192	0x5066	0	1	
11185	16.268313000	0x40	192	0x5066	0	3	9b010e
11187	16.268413000	0xc0	192	0x5066	0	1	
11189	16.269304000	0x40	192	0x509c	0	2	0000
11191	16.269392000	0x40	192	0x5066	0	3	9d0155
11193	16.269935000	0xc0	192	0x5066	0	1	
11197	16.270862000	0x40	192	0x509c	0	2	0000
11199	16.270948000	0x40	192	0x5066	0	3	9d016a
11201	16.271400000	0xc0	192	0x5066	0	1	
11205	16.272266000	0x40	192	0x509c	0	2	0000
11207	16.272359000	0x40	192	0x5066	0	3	9d016b
11209	16.272804000	0xc0	192	0x5066	0	1	
11211	16.273683000	0x40	192	0x509c	0	2	0000
11213	16.273779000	0x40	192	0x5066	0	3	9d0157
11215	16.274212000	0xc0	192	0x5066	0	1	
11219	16.275097000	0x40	192	0x509c	0	2	0000
11221	16.275196000	0x40	192	0x5066	0	3	9d0158
11223	16.275635000	0xc0	192	0x5066	0	1	
11225	16.276531000	0x40	192	0x509c	0	2	0000
11227	16.276616000	0x40	192	0x5066	0	3	9d0159
11229	16.277062000	0xc0	192	0x5066	0	1	
11231	16.277944000	0x40	192	0x509c	0	2	0000
11233	16.278038000	0x40	192	0x5066	0	3	9d015a
11235	16.278478000	0xc0	192	0x5066	0	1	
11239	16.279347000	0x40	192	0x509c	0	2	0000
11241	16.279446000	0x40	192	0x5066	0	3	9d015b
11243	16.279885000	0xc0	192	0x5066	0	1	
11245	16.280767000	0x40	192	0x509c	0	2	0000
11247	16.280865000	0x40	192	0x5066	0	3	9d015c
11249	16.281304000	0xc0	192	0x5066	0	1	
11253	16.282181000	0x40	192	0x509c	0	2	0000
11255	16.282279000	0x40	192	0x5066	0	3	9d015f
11257	16.282721000	0xc0	192	0x5066	0	1	
11261	16.283607000	0x40	192	0x509c	0	2	0002
11263	16.283703000	0x40	192	0x5066	0	3	9d0129
11265	16.284265000	0xc0	192	0x5066	0	1	
11267	16.285121000	0x40	192	0x509c	0	2	0002
11269	16.285200000	0x40	192	0x5066	0	3	9d0128
11271	16.285642000	0xc0	192	0x5066	0	1	
11273	16.286524000	0x40	192	0x509c	0	2	0001
11275	16.286618000	0x40	192	0x5066	0	3	9d0101
11279	16.287153000	0xc0	192	0x5066	0	1	
11281	16.288043000	0x40	192	0x509c	0	2	0002
11283	16.288136000	0x40	192	0x5066	0	3	9d0147
11285	16.288668000	0xc0	192	0x5066	0	1	
11287	16.289559000	0x40	192	0x509c	0	2	0000
11289	16.289652000	0x40	192	0x5066	0	3	9d015c
11291	16.290200000	0xc0	192	0x5066	0	1	
11295	16.291083000	0x40	192	0x509c	0	2	0000
11297	16.291162000	0x40	192	0x509c	0	2	e200
11299	16.291605000	0x40	192	0x509c	0	2	0000
11303	16.292144000	0x40	192	0x5066	0	3	9d0159
11305	16.292586000	0xc0	192	0x5066	0	1	
11307	16.293460000	0x40	192	0x509c	0	2	0000
11309	16.293553000	0x40	192	0x5066	0	3	9d015a
11311	16.293997000	0xc0	192	0x5066	0	1	
11315	16.294901000	0x40	192	0x509c	0	2	0002
11317	16.294985000	0x40	192	0x5066	0	3	9d0107
11319	16.295523000	0xc0	192	0x5066	0	1	
11321	16.296405000	0x40	192	0x509c	0	2	0002
11323	16.296502000	0x40	192	0x509c	0	2	0714
11325	16.296942000	0x40	192	0x509c	0	2	0002
11327	16.297481000	0x40	192	0x509c	0	2	0704
11329	16.297913000	0x40	192	0x509c	0	2	0002
11331	16.298465000	0x40	192	0x5066	0	3	9d0149
11335	16.298897000	0xc0	192	0x5066	0	1	
11337	16.299787000	0x40	192	0x509c	0	2	0002
11339	16.299881000	0x40	192	0x5066	0	3	9d014a
11341	16.300368000	0xc0	192	0x5066	0	1	
11343	16.301198000	0x40	192	0x509c	0	2	0002
11345	16.301281000	0x40	192	0x5066	0	3	9d0148
11347	16.301718000	0xc0	192	0x5066	0	1	
11351	16.302601000	0x40	192	0x509c	0	2	0001
11353	16.302695000	0x40	192	0x5066	0	3	9d0101
11357	16.303223000	0xc0	192	0x5066	0	1	
11359	16.304100000	0x40	192	0x509c	0	2	0001
11361	16.304192000	0x40	192	0x5066	0	3	9d0134
11363	16.304630000	0xc0	192	0x5066	0	1	
11365	16.305510000	0x40	192	0x509c	0	2	0002
11367	16.305624000	0x40	192	0x5066	0	3	9d010b
11369	16.306146000	0xc0	192	0x5066	0	1	
11373	16.307022000	0x40	192	0x509c	0	2	0002
11375	16.307119000	0x40	192	0x5066	0	3	9d010c
11377	16.307557000	0xc0	192	0x5066	0	1	
11379	16.308435000	0x40	192	0x509c	0	2	0002
11381	16.308531000	0x40	192	0x5066	0	3	9d010e
11383	16.308978000	0xc0	192	0x5066	0	1	
11385	16.309849000	0x40	192	0x509c	0	2	0002
11387	16.309950000	0x40	192	0x5066	0	3	9d0148
11389	16.310387000	0xc0	192	0x5066	0	1	
11393	16.311278000	0x40	192	0x509c	0	2	0000
11395	16.311388000	0x40	192	0x5066	0	3	9d01ab
11397	16.311933000	0xc0	192	0x5066	0	1	
11401	16.312815000	0x40	192	0x509c	0	2	0000
11403	16.312914000	0x40	192	0x509c	0	2	ab95
11405	16.313391000	0x40	192	0x509c	0	2	0000
11407	16.313885000	0x40	192	0x509c	0	2	9015
11409	16.314329000	0x40	192	0x509c	0	2	0000
11413	16.314876000	0x40	192	0x509c	0	2	9115
11415	16.315293000	0x40	192	0x509c	0	2	0000
11417	16.315828000	0x40	192	0x509c	0	2	9240
11419	16.316275000	0x40	192	0x509c	0	2	0002
11421	16.316820000	0x40	192	0x5066	0	3	9d014a
11423	16.317360000	0xc0	192	0x5066	0	1	
11425	16.318256000	0x40	192	0x509c	0	2	0000
11427	16.318348000	0x40	192	0x5066	0	3	9d01ab
11431	16.318892000	0xc0	192	0x5066	0	1	
11433	16.319775000	0x40	192	0x509c	0	2	0000
11435	16.319883000	0x40	192	0x509c	0	2	ab95
11437	16.320326000	0x40	192	0x509c	0	2	0000
11439	16.320863000	0x40	192	0x5066	0	3	9d01ac
11441	16.321293000	0xc0	192	0x5066	0	1	
11445	16.322167000	0x40	192	0x509c	0	2	0000
11447	16.322268000	0x40	192	0x509c	0	2	ac95
11449	16.322707000	0x40	192	0x509c	0	2	0000
11453	16.323245000	0x40	192	0x509c	0	2	ad05
11455	16.323680000	0x40	192	0x509c	0	2	0000
11457	16.324221000	0x40	192	0x509c	0	2	1e11
11459	16.324658000	0x40	192	0x509c	0	2	0000
11461	16.325203000	0x40	192	0x509c	0	2	1f01
11463	16.325639000	0x40	192	0x509c	0	2	0000
11465	16.326166000	0x40	192	0x509c	0	2	9c9f
11467	16.326614000	0x40	192	0x509c	0	2	0000
11471	16.327170000	0x40	192	0x509c	0	2	9b0b
11473	16.327582000	0x40	192	0x509c	0	2	0000
11475	16.328127000	0x40	192	0x509c	0	2	9674
11477	16.328585000	0x40	192	0x509c	0	2	0000
11479	16.329110000	0x40	192	0x509c	0	2	9503
11481	16.329551000	0x40	192	0x509c	0	2	0000
11483	16.330096000	0x40	192	0x509c	0	2	a22c
11485	16.330528000	0x40	192	0x509c	0	2	0000
11489	16.331112000	0x40	192	0x509c	0	2	a101
11491	16.331501000	0x40	192	0x509c	0	2	0000
11497	16.332474000	0x40	192	0x509c	0	2	0000
11499	16.333014000	0x40	192	0x509c	0	2	9978
11501	16.333454000	0x40	192	0x509c	0	2	0000
11503	16.333999000	0x40	192	0x509c	0	2	942d
11505	16.334437000	0x40	192	0x509c	0	2	0000
11509	16.334968000	0x40	192	0x509c	0	2	9308
11511	16.335407000	0x40	192	0x509c	0	2	0000
11513	16.335950000	0x40	192	0x509c	0	2	a040
11515	16.336389000	0x40	192	0x509c	0	2	0000
11517	16.336932000	0x40	192	0x509c	0	2	9f7f
11519	16.337375000	0x40	192	0x509c	0	2	0000
11521	16.337923000	0x40	192	0x509c	0	2	9eb3
11523	16.338356000	0x40	192	0x509c	0	2	0000
11527	16.338890000	0x40	192	0x509c	0	2	9d79
11529	16.339332000	0x40	192	0x509c	0	2	0000
11531	16.339870000	0x40	192	0x509c	0	2	9822
11533	16.340307000	0x40	192	0x509c	0	2	0000
11535	16.340860000	0x40	192	0x509c	0	2	977e
11537	16.341284000	0x40	192	0x509c	0	2	0000
11539	16.341831000	0x40	192	0x509c	0	2	a42d
11543	16.342260000	0x40	192	0x509c	0	2	0000
11545	16.342801000	0x40	192	0x509c	0	2	a308
11549	16.343234000	0x40	192	0x509c	0	2	0000
11551	16.343770000	0x40	192	0x509c	0	2	a600
11553	16.344264000	0x40	192	0x509c	0	2	0000
11555	16.344748000	0x40	192	0x509c	0	2	a520
11557	16.345184000	0x40	192	0x509c	0	2	0000
11559	16.345725000	0x40	192	0x509c	0	2	a800
11561	16.346157000	0x40	192	0x509c	0	2	0000
11563	16.346692000	0x40	192	0x509c	0	2	a704
11567	16.347185000	0x40	192	0x509c	0	2	0000
11569	16.347795000	0x40	192	0x509c	0	2	aa00
11571	16.348149000	0x40	192	0x509c	0	2	0000
11573	16.348679000	0x40	192	0x509c	0	2	a920
11575	16.349088000	0x40	192	0x509c	0	2	0000
11577	16.349619000	0x40	192	0x5066	0	3	9d01b0
11579	16.350049000	0xc0	192	0x5066	0	1	
11583	16.350919000	0x40	192	0x509c	0	2	0000
11585	16.351015000	0x40	192	0x509c	0	2	b021
11587	16.351463000	0x40	192	0x509c	0	2	0000
11591	16.351996000	0x40	192	0x509c	0	2	ab15
11593	16.352452000	0x40	192	0x509c	0	2	0002
11595	16.352987000	0x40	192	0x5066	0	3	9d014a
11597	16.353519000	0xc0	192	0x5066	0	1	
11599	16.354403000	0x40	192	0x509c	0	2	0000
11601	16.354490000	0x40	192	0x5066	0	3	9d01ab
11605	16.355030000	0xc0	192	0x5066	0	1	
11607	16.355913000	0x40	192	0x509c	0	2	0000
11609	16.356015000	0x40	192	0x509c	0	2	ab15
11611	16.356468000	0x40	192	0x509c	0	2	0000
11613	16.357003000	0x40	192	0x5066	0	3	9d01ac
11615	16.357447000	0xc0	192	0x5066	0	1	
11617	16.358325000	0x40	192	0x509c	0	2	0000
11619	16.358417000	0x40	192	0x509c	0	2	ac95
11623	16.358868000	0x40	192	0x509c	0	2	0000
11625	16.359400000	0x40	192	0x509c	0	2	ad05
11627	16.359853000	0x40	192	0x509c	0	2	0000
11629	16.360427000	0x40	192	0x509c	0	2	1e11
11631	16.360860000	0x40	192	0x509c	0	2	0000
11633	16.361358000	0x40	192	0x509c	0	2	1f01
11635	16.361801000	0x40	192	0x509c	0	2	0000
11639	16.362330000	0x40	192	0x509c	0	2	9c9f
11641	16.362774000	0x40	192	0x509c	0	2	0000
11645	16.363305000	0x40	192	0x509c	0	2	9b0b
11647	16.363743000	0x40	192	0x509c	0	2	0000
11649	16.364278000	0x40	192	0x509c	0	2	9674
11651	16.364725000	0x40	192	0x509c	0	2	0000
11653	16.365260000	0x40	192	0x509c	0	2	9503
11655	16.365703000	0x40	192	0x509c	0	2	0000
11657	16.366285000	0x40	192	0x509c	0	2	a22c
11659	16.366661000	0x40	192	0x509c	0	2	0000
11663	16.367197000	0x40	192	0x509c	0	2	a101
11665	16.367628000	0x40	192	0x509c	0	2	0000
11669	16.368605000	0x40	192	0x509c	0	2	0000
11671	16.369140000	0x40	192	0x509c	0	2	9978
11673	16.369572000	0x40	192	0x509c	0	2	0000
11675	16.370139000	0x40	192	0x509c	0	2	942d
11677	16.370551000	0x40	192	0x509c	0	2	0000
11681	16.371089000	0x40	192	0x509c	0	2	9308
11683	16.371529000	0x40	192	0x509c	0	2	0000
11687	16.372068000	0x40	192	0x509c	0	2	a040
11689	16.372502000	0x40	192	0x509c	0	2	0000
11691	16.373034000	0x40	192	0x509c	0	2	9f7f
11693	16.373472000	0x40	192	0x509c	0	2	0000
11695	16.374006000	0x40	192	0x509c	0	2	9eb3
11697	16.374447000	0x40	192	0x509c	0	2	0000
11701	16.374988000	0x40	192	0x509c	0	2	9d79
11703	16.375483000	0x40	192	0x509c	0	2	0000
11705	16.375974000	0x40	192	0x509c	0	2	9822
11707	16.376426000	0x40	192	0x509c	0	2	0000
11709	16.376951000	0x40	192	0x509c	0	2	977e
11711	16.377398000	0x40	192	0x509c	0	2	0000
11713	16.377926000	0x40	192	0x509c	0	2	a42d
11715	16.378362000	0x40	192	0x509c	0	2	0000
11719	16.378905000	0x40	192	0x509c	0	2	a308
11721	16.379355000	0x40	192	0x509c	0	2	0000
11723	16.379892000	0x40	192	0x509c	0	2	a600
11725	16.380332000	0x40	192	0x509c	0	2	0000
11727	16.380961000	0x40	192	0x509c	0	2	a520
11729	16.381319000	0x40	192	0x509c	0	2	0000
11731	16.381862000	0x40	192	0x509c	0	2	a800
11735	16.382296000	0x40	192	0x509c	0	2	0000
11739	16.382893000	0x40	192	0x509c	0	2	a704
11741	16.383259000	0x40	192	0x509c	0	2	0000
11743	16.383793000	0x40	192	0x509c	0	2	aa00
11745	16.384233000	0x40	192	0x509c	0	2	0000
11747	16.384770000	0x40	192	0x509c	0	2	a920
11749	16.385206000	0x40	192	0x509c	0	2	0000
11751	16.385745000	0x40	192	0x509c	0	2	b300
11753	16.386182000	0x40	192	0x509c	0	2	0002
11755	16.386726000	0x40	192	0x509c	0	2	2700
11759	16.387278000	0x40	192	0x509c	0	2	0002
11761	16.387851000	0x40	192	0x5066	0	3	9d010b
11763	16.388284000	0xc0	192	0x5066	0	1	
11765	16.389153000	0x40	192	0x509c	0	2	0000
11767	16.389272000	0x40	192	0x5066	0	3	9d0151
11769	16.389812000	0xc0	192	0x5066	0	1	
11771	16.390771000	0x40	192	0x509c	0	2	0001
11775	16.390998000	0x40	192	0x5066	0	3	9d0101
11777	16.391433000	0xc0	192	0x5066	0	1	
11781	16.392319000	0x40	192	0x5066	0	3	940946
11783	16.392527000	0x40	192	0x5066	0	3	94180f
11785	16.393152000	0x40	192	0x5066	0	3	950104
11787	16.393777000	0xc0	192	0x5066	0	1	
11789	16.394666000	0x40	192	0x509c	0	2	0002
11793	16.394987000	0x40	192	0x509c	0	2	2700
11795	16.395437000	0x40	192	0x5066	0	3	9403a0
11797	16.396028000	0x40	192	0x5066	0	6	aa1234900500
11799	16.396648000	0x40	192	0x5066	0	6	aa1234900300
11801	16.397518000	0x40	192	0x5066	0	4	d4000403
11803	16.398394000	0x40	192	0x5066	0	3	95010e
11807	16.399143000	0xc0	192	0x5066	0	1	
11809	16.400021000	0x40	192	0x5066	0	3	950110
11811	16.400145000	0xc0	192	0x5066	0	1	
11813	16.401023000	0x40	192	0x5066	0	3	940e00
11815	16.401154000	0x40	192	0x5066	0	3	940f00
11817	16.401775000	0x40	192	0x5066	0	3	941080
11821	16.402397000	0x40	192	0x5066	0	3	941180
11825	16.403022000	0x40	192	0x5066	0	3	94040e
11827	16.403687000	0x40	192	0x5066	0	3	940700
11829	16.404293000	0x40	192	0x5066	0	3	950103
11831	16.404920000	0xc0	192	0x5066	0	1	
11833	16.405798000	0x40	192	0x5066	0	3	95010e
11835	16.406019000	0xc0	192	0x5066	0	1	
11839	16.406968000	0x40	192	0x5066	0	3	950110
11841	16.407144000	0xc0	192	0x5066	0	1	
11843	16.408021000	0x40	192	0x5066	0	3	940e0b
11845	16.408145000	0x40	192	0x5066	0	3	940f0b
11847	16.408771000	0x40	192	0x5066	0	3	940a00
11849	16.409398000	0x40	192	0x5066	0	3	940b00
11851	16.410020000	0x40	192	0x5066	0	3	940c00
11853	16.410647000	0x40	192	0x5066	0	3	940d00
11857	16.411272000	0x40	192	0x5098	0	2	2005
11859	16.411895000	0x40	192	0x509c	0	2	0002
11863	16.412432000	0x40	192	0x5066	0	3	9d0111
11865	16.412918000	0xc0	192	0x5066	0	1	
11867	16.413775000	0x40	192	0x509c	0	2	0002
11869	16.413897000	0x40	192	0x5066	0	3	9d0112
11871	16.414397000	0xc0	192	0x5066	0	1	
11875	16.415280000	0x40	192	0x509c	0	2	0002
11877	16.415397000	0x40	192	0x5066	0	3	9d0112
11879	16.415909000	0xc0	192	0x5066	0	1	
11881	16.416780000	0x40	192	0x509c	0	2	0002
11883	16.416896000	0x40	192	0x5066	0	3	9d0111
11885	16.417408000	0xc0	192	0x5066	0	1	
11887	16.418283000	0x40	192	0x509c	0	2	0002
11889	16.418397000	0x40	192	0x509c	0	2	2020
11893	16.418995000	0x40	192	0x5066	0	3	9b0109
11895	16.419438000	0xc0	192	0x5066	0	1	
11903	16.421777000	0x40	192	0x5066	0	3	9b010e
11907	16.422410000	0xc0	192	0x5066	0	1	
11911	16.423343000	0x40	192	0x5066	0	3	9b0109
11913	16.423534000	0xc0	192	0x5066	0	1	
11915	16.424410000	0x40	192	0x509c	0	2	0000
11917	16.424656000	0x40	192	0x5066	0	3	9d0151
11919	16.425191000	0xc0	192	0x5066	0	1	
11921	16.426111000	0x40	192	0x509c	0	2	0001
11923	16.426274000	0x40	192	0x5066	0	3	9d0101
11925	16.426806000	0xc0	192	0x5066	0	1	
11929	16.427685000	0x40	192	0x509c	0	2	0000
11931	16.427908000	0x40	192	0x5066	0	3	9d0155
11933	16.428431000	0xc0	192	0x5066	0	1	
11941	16.430771000	0x40	192	0x509c	0	2	0000
11945	16.431397000	0x40	192	0x5066	0	3	9d01b2
11947	16.431894000	0xc0	192	0x5066	0	1	
11951	16.432772000	0x40	192	0x509c	0	2	0000
11953	16.432862000	0x40	192	0x5066	0	3	9d01b5
11955	16.433307000	0xc0	192	0x5066	0	1	
11957	16.434273000	0x40	192	0x509c	0	2	0000
11959	16.434398000	0x40	192	0x509c	0	2	b200
11963	16.435104000	0x40	192	0x509c	0	2	0000
11965	16.435437000	0x40	192	0x509c	0	2	b500
11967	16.435898000	0x40	192	0x509c	0	2	0000
11969	16.436440000	0x40	192	0x509c	0	2	03c8
11971	16.436897000	0x40	192	0x509c	0	2	0000
11973	16.437436000	0x40	192	0x5066	0	3	9d010f
11975	16.437896000	0xc0	192	0x5066	0	1	
11977	16.438773000	0x40	192	0x509c	0	2	0000
11981	16.438993000	0x40	192	0x509c	0	2	0f28
11983	16.439398000	0x40	192	0x509c	0	2	0000
11985	16.439932000	0x40	192	0x509c	0	2	1204
11987	16.440399000	0x40	192	0x509c	0	2	0000
11989	16.440933000	0x40	192	0x5066	0	3	9d0117
11991	16.441400000	0xc0	192	0x5066	0	1	
11995	16.442277000	0x40	192	0x509c	0	2	0000
11997	16.442400000	0x40	192	0x509c	0	2	1702
12000	16.442992000	0x40	192	0x509c	0	2	0000
12002	16.443442000	0x40	192	0x509c	0	2	1200
12004	16.443901000	0x40	192	0x509c	0	2	0000
12006	16.444436000	0x40	192	0x509c	0	2	1314
12047	16.455675000	0x40	192	0x509c	0	2	0000
12049	16.456304000	0x40	192	0x5066	0	3	9d0160
12051	16.456777000	0xc0	192	0x5066	0	1	
12053	16.457649000	0x40	192	0x509c	0	2	0000
12055	16.457769000	0x40	192	0x509c	0	2	6010
12057	16.458271000	0x40	192	0x509c	0	2	0002
12059	16.458811000	0x40	192	0x5066	0	3	9d0111
12062	16.459402000	0xc0	192	0x5066	0	1	
12064	16.460273000	0x40	192	0x509c	0	2	0002
12066	16.460395000	0x40	192	0x5066	0	3	9d0112
12068	16.460894000	0xc0	192	0x5066	0	1	
12070	16.461774000	0x40	192	0x509c	0	2	0000
12072	16.461894000	0x40	192	0x5066	0	3	9d0151
12076	16.462428000	0xc0	192	0x5066	0	1	
12079	16.463393000	0x40	192	0x509c	0	2	0001
12081	16.463521000	0x40	192	0x5066	0	3	9d0101
12083	16.464055000	0xc0	192	0x5066	0	1	
12085	16.464930000	0x40	192	0x5066	0	3	940946
12087	16.465145000	0x40	192	0x5066	0	3	94180f
12089	16.465770000	0x40	192	0x5066	0	3	950104
12091	16.466395000	0xc0	192	0x5066	0	1	
12094	16.467276000	0x40	192	0x509c	0	2	0002
12096	16.467390000	0x40	192	0x509c	0	2	2700
12098	16.467931000	0x40	192	0x5066	0	3	9403a0
12100	16.468535000	0x40	192	0x5066	0	6	aa1234900500
12102	16.469144000	0x40	192	0x5066	0	6	aa1234900300
12104	16.470019000	0x40	192	0x5066	0	4	d4000403
12107	16.470936000	0x40	192	0x5066	0	3	95010e
12109	16.471642000	0xc0	192	0x5066	0	1	
12113	16.472517000	0x40	192	0x5066	0	3	950110
12115	16.472641000	0xc0	192	0x5066	0	1	
12117	16.473518000	0x40	192	0x5066	0	3	940e0b
12119	16.473641000	0x40	192	0x5066	0	3	940f0b
12121	16.474267000	0x40	192	0x5066	0	3	941080
12124	16.474926000	0x40	192	0x5066	0	3	941180
12126	16.475516000	0x40	192	0x5066	0	3	94040e
12128	16.476150000	0x40	192	0x5066	0	3	940700
12130	16.476773000	0x40	192	0x509c	0	2	0002
12132	16.477402000	0x40	192	0x5066	0	3	9d010b
12134	16.477907000	0xc0	192	0x5066	0	1	
12136	16.478780000	0x40	192	0x509c	0	2	0002
12139	16.479047000	0x40	192	0x5066	0	3	9d014b
12141	16.479402000	0xc0	192	0x5066	0	1	
12143	16.480277000	0x40	192	0x5066	0	3	9b010e
12145	16.480397000	0xc0	192	0x5066	0	1	
12147	16.481277000	0x40	192	0x5066	0	3	9b0106
12149	16.481400000	0xc0	192	0x5066	0	1	
12180	16.491073000	0x40	192	0x5066	0	3	9b0116
12182	16.491270000	0xc0	192	0x5066	0	1	
12186	16.493107000	0x40	192	0x5066	0	3	9b0116
12188	16.493271000	0xc0	192	0x5066	0	1	
12191	16.496143000	0x40	192	0x5066	0	3	9b0116
12193	16.496267000	0xc0	192	0x5066	0	1	
12195	16.497141000	0x40	192	0x5066	0	3	9b0117
12197	16.497266000	0xc0	192	0x5066	0	1	
12199	16.498161000	0x40	192	0x5066	0	3	9b0117
12201	16.498399000	0xc0	192	0x5066	0	1	
12204	16.499275000	0x40	192	0x5066	0	3	9b0117
12206	16.499395000	0xc0	192	0x5066	0	1	
12208	16.500269000	0x40	192	0x5066	0	3	9b0117
12210	16.500393000	0xc0	192	0x5066	0	1	
12212	16.501273000	0x40	192	0x5066	0	3	9b0117
12214	16.501390000	0xc0	192	0x5066	0	1	
12218	16.502268000	0x40	192	0x5066	0	3	9b0117
12220	16.502393000	0xc0	192	0x5066	0	1	
12223	16.503276000	0x40	192	0x5066	0	3	9b0117
12225	16.503394000	0xc0	192	0x5066	0	1	
12227	16.504272000	0x40	192	0x5066	0	3	9b0117
12229	16.504393000	0xc0	192	0x5066	0	1	
12231	16.505329000	0x40	192	0x5066	0	3	9b0117
12233	16.505522000	0xc0	192	0x5066	0	1	
12235	16.506407000	0x40	192	0x5066	0	3	9b0117
12237	16.506522000	0xc0	192	0x5066	0	1	
12240	16.507496000	0x40	192	0x5066	0	3	9b0117
12242	16.507653000	0xc0	192	0x5066	0	1	
12244	16.508525000	0x40	192	0x5066	0	3	9b0117
12246	16.508647000	0xc0	192	0x5066	0	1	
12248	16.509536000	0x40	192	0x5066	0	3	9b0117
12250	16.509778000	0xc0	192	0x5066	0	1	
12252	16.510653000	0x40	192	0x5066	0	3	9b0117
12254	16.510770000	0xc0	192	0x5066	0	1	
12257	16.511667000	0x40	192	0x5066	0	3	9b0117
12259	16.511904000	0xc0	192	0x5066	0	1	
12263	16.512776000	0x40	192	0x5066	0	3	9b0117
12265	16.512896000	0xc0	192	0x5066	0	1	
12267	16.513776000	0x40	192	0x5066	0	3	9b0117
12269	16.513892000	0xc0	192	0x5066	0	1	
12271	16.514771000	0x40	192	0x5066	0	3	9b0117
12274	16.515091000	0xc0	192	0x5066	0	1	
12276	16.515773000	0x40	192	0x5066	0	3	9b0117
12278	16.515893000	0xc0	192	0x5066	0	1	
12280	16.516779000	0x40	192	0x5066	0	3	9b0117
12282	16.516896000	0xc0	192	0x5066	0	1	
12284	16.517772000	0x40	192	0x5066	0	3	9b0117
12286	16.517895000	0xc0	192	0x5066	0	1	
12288	16.518775000	0x40	192	0x5066	0	3	9b0117
12291	16.519112000	0xc0	192	0x5066	0	1	
12293	16.519778000	0x40	192	0x5066	0	3	9b0117
12295	16.519896000	0xc0	192	0x5066	0	1	
12297	16.520779000	0x40	192	0x5066	0	3	9b0117
12299	16.520898000	0xc0	192	0x5066	0	1	
12301	16.521778000	0x40	192	0x5066	0	3	9b0117
12303	16.521898000	0xc0	192	0x5066	0	1	
12307	16.522780000	0x40	192	0x5066	0	3	9b0117
12310	16.523132000	0xc0	192	0x5066	0	1	
12312	16.523779000	0x40	192	0x5066	0	3	9b0117
12314	16.523899000	0xc0	192	0x5066	0	1	
12316	16.524781000	0x40	192	0x5066	0	3	9b0117
12318	16.525029000	0xc0	192	0x5066	0	1	
12320	16.525900000	0x40	192	0x5066	0	3	9b0117
12322	16.526043000	0xc0	192	0x5066	0	1	
12325	16.527109000	0x40	192	0x5066	0	3	9b0117
12327	16.527275000	0xc0	192	0x5066	0	1	
12329	16.528174000	0x40	192	0x5066	0	3	9b0117
12331	16.528398000	0xc0	192	0x5066	0	1	
12333	16.529328000	0x40	192	0x5066	0	3	9b0117
12335	16.529565000	0xc0	192	0x5066	0	1	
12359	16.537824000	0x40	192	0x5066	0	3	9b0116
12361	16.538025000	0xc0	192	0x5066	0	1	
12364	16.540919000	0x40	192	0x5066	0	3	9b0116
12366	16.541160000	0xc0	192	0x5066	0	1	
12371	16.543908000	0x40	192	0x5066	0	3	9b0116
12373	16.544145000	0xc0	192	0x5066	0	1	
12375	16.545020000	0x40	192	0x5066	0	3	9b0117
12377	16.545142000	0xc0	192	0x5066	0	1	
12379	16.546019000	0x40	192	0x5066	0	3	9b0117
12381	16.546142000	0xc0	192	0x5066	0	1	
12384	16.547087000	0x40	192	0x5066	0	3	9b0117
12386	16.547274000	0xc0	192	0x5066	0	1	
12388	16.548155000	0x40	192	0x5066	0	3	9b0117
12390	16.548268000	0xc0	192	0x5066	0	1	
12392	16.549153000	0x40	192	0x5066	0	3	9b0117
12394	16.549270000	0xc0	192	0x5066	0	1	
12396	16.550176000	0x40	192	0x5066	0	3	9b0117
12398	16.550393000	0xc0	192	0x5066	0	1	
12401	16.551269000	0x40	192	0x5066	0	3	9b0117
12403	16.551391000	0xc0	192	0x5066	0	1	
12407	16.552281000	0x40	192	0x5066	0	3	9b0117
12409	16.552401000	0xc0	192	0x5066	0	1	
12411	16.553275000	0x40	192	0x5066	0	3	9b0117
12413	16.553393000	0xc0	192	0x5066	0	1	
12415	16.554292000	0x40	192	0x5066	0	3	9b0117
12417	16.554535000	0xc0	192	0x5066	0	1	
12420	16.555417000	0x40	192	0x5066	0	3	9b0117
12422	16.555659000	0xc0	192	0x5066	0	1	
12424	16.556538000	0x40	192	0x5066	0	3	9b0117
12426	16.556782000	0xc0	192	0x5066	0	1	
12428	16.557663000	0x40	192	0x5066	0	3	9b0117
12430	16.557894000	0xc0	192	0x5066	0	1	
12432	16.558785000	0x40	192	0x5066	0	3	9b0117
12435	16.559243000	0xc0	192	0x5066	0	1	
12437	16.559793000	0x40	192	0x5066	0	3	9b0117
12439	16.560037000	0xc0	192	0x5066	0	1	
12441	16.560917000	0x40	192	0x5066	0	3	9b0117
12443	16.561162000	0xc0	192	0x5066	0	1	
12447	16.562039000	0x40	192	0x5066	0	3	9b0117
12449	16.562284000	0xc0	192	0x5066	0	1	
12452	16.563404000	0x40	192	0x5066	0	3	9b0117
12454	16.563663000	0xc0	192	0x5066	0	1	
12456	16.564540000	0x40	192	0x5066	0	3	9b0117
12458	16.564766000	0xc0	192	0x5066	0	1	
12460	16.565667000	0x40	192	0x5066	0	3	9b0117
12462	16.565908000	0xc0	192	0x5066	0	1	
12464	16.566792000	0x40	192	0x5066	0	3	9b0117
12467	16.567305000	0xc0	192	0x5066	0	1	
12469	16.567916000	0x40	192	0x5066	0	3	9b0117
12471	16.568163000	0xc0	192	0x5066	0	1	
12473	16.569041000	0x40	192	0x5066	0	3	9b0117
12475	16.569286000	0xc0	192	0x5066	0	1	
12477	16.570163000	0x40	192	0x5066	0	3	9b0117
12479	16.570402000	0xc0	192	0x5066	0	1	
12482	16.571313000	0x40	192	0x5066	0	3	9b0117
12484	16.571528000	0xc0	192	0x5066	0	1	
12488	16.572393000	0x40	192	0x5066	0	3	9b0117
12490	16.572524000	0xc0	192	0x5066	0	1	
12492	16.573410000	0x40	192	0x5066	0	3	9b0117
12494	16.573526000	0xc0	192	0x5066	0	1	
12496	16.574404000	0x40	192	0x5066	0	3	9b0117
12498	16.574525000	0xc0	192	0x5066	0	1	
12501	16.575403000	0x40	192	0x5066	0	3	9b0117
12503	16.575523000	0xc0	192	0x5066	0	1	
12505	16.576401000	0x40	192	0x5066	0	3	9b0117
12507	16.576519000	0xc0	192	0x5066	0	1	
12509	16.577404000	0x40	192	0x5066	0	3	9b0117
12511	16.577648000	0xc0	192	0x5066	0	1	
12513	16.578525000	0x40	192	0x5066	0	3	9b0117
12515	16.578641000	0xc0	192	0x5066	0	1	
12539	16.586752000	0x40	192	0x5066	0	3	9b0116
12542	16.587057000	0xc0	192	0x5066	0	1	
12544	16.589791000	0x40	192	0x5066	0	3	9b0116
12546	16.590029000	0xc0	192	0x5066	0	1	
12549	16.591835000	0x40	192	0x5066	0	3	9b0116
12553	16.592020000	0xc0	192	0x5066	0	1	
12555	16.592907000	0x40	192	0x5066	0	3	9b0117
12557	16.593149000	0xc0	192	0x5066	0	1	
12559	16.594021000	0x40	192	0x5066	0	3	9b0117
12561	16.594141000	0xc0	192	0x5066	0	1	
12563	16.595061000	0x40	192	0x5066	0	3	9b0117
12566	16.785606000	0xc0	192	0x5066	0	1	
12570	16.786387000	0x40	192	0x5066	0	3	9b0117
12572	16.786564000	0xc0	192	0x5066	0	1	
12578	16.787394000	0x40	192	0x5066	0	3	9b0117
12580	16.787513000	0xc0	192	0x5066	0	1	
12584	16.788397000	0x40	192	0x5066	0	3	9b0117
12586	16.788518000	0xc0	192	0x5066	0	1	
12590	16.789393000	0x40	192	0x5066	0	3	9b0117
12592	16.789519000	0xc0	192	0x5066	0	1	
12596	16.790396000	0x40	192	0x5066	0	3	9b0117
12598	16.790519000	0xc0	192	0x5066	0	1	
12604	16.791396000	0x40	192	0x5066	0	3	9b0117
12606	16.791517000	0xc0	192	0x5066	0	1	
12612	16.792393000	0x40	192	0x5066	0	3	9b0117
12614	16.792517000	0xc0	192	0x5066	0	1	
12618	16.793393000	0x40	192	0x5066	0	3	9b0117
12620	16.793515000	0xc0	192	0x5066	0	1	
12624	16.794393000	0x40	192	0x5066	0	3	9b0117
12626	16.794515000	0xc0	192	0x5066	0	1	
12632	16.795391000	0x40	192	0x5066	0	3	9b0117
12634	16.795514000	0xc0	192	0x5066	0	1	
12638	16.796391000	0x40	192	0x5066	0	3	9b0117
12640	16.796515000	0xc0	192	0x5066	0	1	
12644	16.797393000	0x40	192	0x5066	0	3	9b0117
12646	16.797516000	0xc0	192	0x5066	0	1	
12650	16.798404000	0x40	192	0x5066	0	3	9b0117
12652	16.798517000	0xc0	192	0x5066	0	1	
12658	16.799392000	0x40	192	0x5066	0	3	9b0117
12660	16.799512000	0xc0	192	0x5066	0	1	
12664	16.800392000	0x40	192	0x5066	0	3	9b0117
12666	16.800513000	0xc0	192	0x5066	0	1	
12670	16.801391000	0x40	192	0x5066	0	3	9b0117
12672	16.801514000	0xc0	192	0x5066	0	1	
12678	16.802396000	0x40	192	0x5066	0	3	9b0117
12680	16.802511000	0xc0	192	0x5066	0	1	
12686	16.803400000	0x40	192	0x5066	0	3	9b0117
12688	16.803514000	0xc0	192	0x5066	0	1	
12692	16.804397000	0x40	192	0x5066	0	3	9b0117
12694	16.804518000	0xc0	192	0x5066	0	1	
12698	16.805395000	0x40	192	0x5066	0	3	9b0117
12700	16.805519000	0xc0	192	0x5066	0	1	
12704	16.806393000	0x40	192	0x5066	0	3	9b0117
12706	16.806520000	0xc0	192	0x5066	0	1	
12712	16.807390000	0x40	192	0x5066	0	3	9b0117
12714	16.807513000	0xc0	192	0x5066	0	1	
12718	16.808392000	0x40	192	0x5066	0	3	9b0117
12720	16.808513000	0xc0	192	0x5066	0	1	
12764	16.817011000	0x40	192	0x5066	0	3	9b0116
12766	16.817140000	0xc0	192	0x5066	0	1	
12774	16.819748000	0x40	192	0x5066	0	3	9b0116
12776	16.819891000	0xc0	192	0x5066	0	1	
12786	16.822786000	0x40	192	0x5066	0	3	9b0116
12792	16.823024000	0xc0	192	0x5066	0	1	
12794	16.823893000	0x40	192	0x5066	0	3	9b0117
12798	16.824004000	0xc0	192	0x5066	0	1	
12800	16.824894000	0x40	192	0x5066	0	3	9b0117
12804	16.825069000	0xc0	192	0x5066	0	1	
12806	16.825895000	0x40	192	0x5066	0	3	9b0117
12810	16.826015000	0xc0	192	0x5066	0	1	
12814	16.827014000	0x40	192	0x5066	0	3	9b0117
12818	16.827139000	0xc0	192	0x5066	0	1	
12822	16.828018000	0x40	192	0x5066	0	3	9b0117
12824	16.828139000	0xc0	192	0x5066	0	1	
12828	16.829064000	0x40	192	0x5066	0	3	9b0117
12830	16.829264000	0xc0	192	0x5066	0	1	
12834	16.830137000	0x40	192	0x5066	0	3	9b0117
12836	16.830261000	0xc0	192	0x5066	0	1	
12842	16.831140000	0x40	192	0x5066	0	3	9b0117
12844	16.831262000	0xc0	192	0x5066	0	1	
12850	16.832143000	0x40	192	0x5066	0	3	9b0117
12852	16.832317000	0xc0	192	0x5066	0	1	
12856	16.833144000	0x40	192	0x5066	0	3	9b0117
12858	16.833261000	0xc0	192	0x5066	0	1	
12862	16.834139000	0x40	192	0x5066	0	3	9b0117
12864	16.834267000	0xc0	192	0x5066	0	1	
12870	16.835139000	0x40	192	0x5066	0	3	9b0117
12872	16.835263000	0xc0	192	0x5066	0	1	
12876	16.836140000	0x40	192	0x5066	0	3	9b0117
12878	16.836261000	0xc0	192	0x5066	0	1	
12882	16.837136000	0x40	192	0x5066	0	3	9b0117
12884	16.837262000	0xc0	192	0x5066	0	1	
12888	16.838140000	0x40	192	0x5066	0	3	9b0117
12890	16.838262000	0xc0	192	0x5066	0	1	
12896	16.839142000	0x40	192	0x5066	0	3	9b0117
12898	16.839264000	0xc0	192	0x5066	0	1	
12900	16.840145000	0x40	192	0x5066	0	3	9b0117
12902	16.840261000	0xc0	192	0x5066	0	1	
12906	16.841140000	0x40	192	0x5066	0	3	9b0117
12908	16.841315000	0xc0	192	0x5066	0	1	
12914	16.842139000	0x40	192	0x5066	0	3	9b0117
12916	16.842260000	0xc0	192	0x5066	0	1	
12922	16.843137000	0x40	192	0x5066	0	3	9b0117
12924	16.843311000	0xc0	192	0x5066	0	1	
12928	16.844142000	0x40	192	0x5066	0	3	9b0117
12930	16.844264000	0xc0	192	0x5066	0	1	
12934	16.845139000	0x40	192	0x5066	0	3	9b0117
12936	16.845263000	0xc0	192	0x5066	0	1	
12938	16.846143000	0x40	192	0x5066	0	3	9b0117
12940	16.846263000	0xc0	192	0x5066	0	1	
12945	16.847140000	0x40	192	0x5066	0	3	9b0117
12947	16.847264000	0xc0	192	0x5066	0	1	
12951	16.848139000	0x40	192	0x5066	0	3	9b0117
12953	16.848261000	0xc0	192	0x5066	0	1	
12957	16.849138000	0x40	192	0x5066	0	3	9b0117
12959	16.849261000	0xc0	192	0x5066	0	1	
12963	16.850137000	0x40	192	0x5066	0	3	9b0117
12965	16.850261000	0xc0	192	0x5066	0	1	
12970	16.851138000	0x40	192	0x5066	0	3	9b0117
12972	16.851315000	0xc0	192	0x5066	0	1	
12978	16.852138000	0x40	192	0x5066	0	3	9b0117
12980	16.852312000	0xc0	192	0x5066	0	1	
12982	16.853141000	0x40	192	0x5066	0	3	9b0117
12984	16.853261000	0xc0	192	0x5066	0	1	
12988	16.854140000	0x40	192	0x5066	0	3	9b0117
12990	16.854315000	0xc0	192	0x5066	0	1	
12995	16.855138000	0x40	192	0x5066	0	3	9b0117
12997	16.855260000	0xc0	192	0x5066	0	1	
13003	16.856262000	0x40	192	0x5066	0	3	9b010e
13005	16.856887000	0xc0	192	0x5066	0	1	
13009	16.857765000	0x40	192	0x509c	0	2	0002
13011	16.857886000	0x40	192	0x5066	0	3	9d0111
13015	16.858350000	0xc0	192	0x5066	0	1	
13018	16.859264000	0x40	192	0x509c	0	2	0002
13020	16.859387000	0x40	192	0x5066	0	3	9d0112
13022	16.859888000	0xc0	192	0x5066	0	1	
13026	16.860769000	0x40	192	0x509c	0	2	0002
13028	16.860887000	0x40	192	0x5066	0	3	9d0140
13032	16.861388000	0xc0	192	0x5066	0	1	
13038	16.862269000	0x40	192	0x509c	0	2	0002
13040	16.862387000	0x40	192	0x5066	0	3	9d0141
13043	16.863018000	0xc0	192	0x5066	0	1	
13045	16.863769000	0x40	192	0x509c	0	2	0002
13047	16.863886000	0x40	192	0x5066	0	3	9d0142
13051	16.864386000	0xc0	192	0x5066	0	1	
13055	16.865260000	0x40	192	0x509c	0	2	0002
13057	16.865386000	0x40	192	0x5066	0	3	9d0143
13059	16.865889000	0xc0	192	0x5066	0	1	
13063	16.866766000	0x40	192	0x509c	0	2	0002
13067	16.867057000	0x40	192	0x5066	0	3	9d0144
13070	16.867387000	0xc0	192	0x5066	0	1	
13072	16.868264000	0x40	192	0x509c	0	2	0002
13074	16.868386000	0x40	192	0x5066	0	3	9d0145
13076	16.868892000	0xc0	192	0x5066	0	1	
13080	16.869766000	0x40	192	0x509c	0	2	0002
13082	16.869938000	0x40	192	0x5066	0	3	9d0147
13086	16.870387000	0xc0	192	0x5066	0	1	
13091	16.871264000	0x40	192	0x5066	0	4	d4001003
13093	16.871386000	0x40	192	0x5066	0	4	d4000100
13097	16.872141000	0x40	192	0x5066	0	3	9b010e
13099	16.872889000	0xc0	192	0x5066	0	1	
13103	16.873768000	0x40	192	0x509c	0	2	0002
13105	16.873887000	0x40	192	0x5066	0	3	9d0111
13109	16.874388000	0xc0	192	0x5066	0	1	
13114	16.875263000	0x40	192	0x509c	0	2	0002
13116	16.875386000	0x40	192	0x5066	0	3	9d0112
13118	16.875887000	0xc0	192	0x5066	0	1	
13122	16.876765000	0x40	192	0x509c	0	2	0002
13124	16.876890000	0x40	192	0x5066	0	3	9d0140
13126	16.877391000	0xc0	192	0x5066	0	1	
13130	16.878264000	0x40	192	0x509c	0	2	0002
13132	16.878387000	0x40	192	0x5066	0	3	9d0141
13136	16.878970000	0xc0	192	0x5066	0	1	
13139	16.879765000	0x40	192	0x509c	0	2	0002
13141	16.879886000	0x40	192	0x5066	0	3	9d0142
13145	16.880386000	0xc0	192	0x5066	0	1	
13147	16.881267000	0x40	192	0x509c	0	2	0002
13149	16.881388000	0x40	192	0x5066	0	3	9d0143
13151	16.881889000	0xc0	192	0x5066	0	1	
13157	16.882764000	0x40	192	0x509c	0	2	0002
13161	16.883044000	0x40	192	0x5066	0	3	9d0144
13164	16.883387000	0xc0	192	0x5066	0	1	
13168	16.884262000	0x40	192	0x509c	0	2	0002
13170	16.884438000	0x40	192	0x5066	0	3	9d0145
13172	16.884887000	0xc0	192	0x5066	0	1	
13176	16.885774000	0x40	192	0x509c	0	2	0002
13178	16.885936000	0x40	192	0x5066	0	3	9d0147
13182	16.886387000	0xc0	192	0x5066	0	1	
13187	16.887263000	0x40	192	0x5066	0	4	d4001003
13189	16.887389000	0x40	192	0x5066	0	4	d4000100
13205	16.890765000	0x40	192	0x5066	0	3	9b0170
13210	16.891388000	0xc0	192	0x5066	0	1	
13287	16.905013000	0x40	192	0x5066	0	3	9b0190
13289	16.905637000	0xc0	192	0x5066	0	1	
13300	16.907264000	0x40	192	0x5066	0	3	9b01a3
13302	16.907889000	0xc0	192	0x5066	0	1	
13316	16.910392000	0x40	192	0x5066	0	3	9b0172
13327	16.913142000	0xc0	192	0x5066	0	1	
13333	18.134591000	0xc0	192	0x5066	0	1	
13337	18.135401000	0x40	192	0x509c	0	2	0002
13339	18.135514000	0x40	192	0x5066	0	3	9d0129
13341	18.136050000	0xc0	192	0x5066	0	1	
13343	18.136925000	0x40	192	0x509c	0	2	0002
13345	18.137149000	0x40	192	0x5066	0	3	9d0128
13347	18.137642000	0xc0	192	0x5066	0	1	
13349	18.138520000	0x40	192	0x509c	0	2	0001
13351	18.138641000	0x40	192	0x5066	0	3	9d0101
13355	18.139176000	0xc0	192	0x5066	0	1	
13357	18.140064000	0x40	192	0x509c	0	2	0002
13359	18.140275000	0x40	192	0x5066	0	3	9d0147
13361	18.140830000	0xc0	192	0x5066	0	1	
13363	18.141772000	0x40	192	0x509c	0	2	0000
13365	18.141888000	0x40	192	0x5066	0	3	9d015c
13369	18.142477000	0xc0	192	0x5066	0	1	
13373	18.143392000	0x40	192	0x509c	0	2	0000
13375	18.143514000	0x40	192	0x509c	0	2	e200
13377	18.144017000	0x40	192	0x509c	0	2	0000
13379	18.144549000	0x40	192	0x5066	0	3	9d0159
13381	18.145023000	0xc0	192	0x5066	0	1	
13383	18.145895000	0x40	192	0x509c	0	2	0000
13385	18.146011000	0x40	192	0x5066	0	3	9d015a
13387	18.146509000	0xc0	192	0x5066	0	1	
13391	18.147390000	0x40	192	0x509c	0	2	0002
13393	18.147515000	0x40	192	0x5066	0	3	9d0149
13395	18.148059000	0xc0	192	0x5066	0	1	
13397	18.148928000	0x40	192	0x509c	0	2	0002
13399	18.149142000	0x40	192	0x5066	0	3	9d014a
13401	18.149641000	0xc0	192	0x5066	0	1	
13403	18.150517000	0x40	192	0x509c	0	2	0002
13405	18.150641000	0x40	192	0x5066	0	3	9d0148
13409	18.151174000	0xc0	192	0x5066	0	1	
13413	18.152019000	0x40	192	0x509c	0	2	0001
13415	18.152143000	0x40	192	0x5066	0	3	9d0101
13417	18.152683000	0xc0	192	0x5066	0	1	
13419	18.153642000	0x40	192	0x509c	0	2	0001
13421	18.153764000	0x40	192	0x5066	0	3	9d0134
13423	18.154264000	0xc0	192	0x5066	0	1	
13427	18.155140000	0x40	192	0x509c	0	2	0002
13429	18.155266000	0x40	192	0x5066	0	3	9d010b
13431	18.155797000	0xc0	192	0x5066	0	1	
13433	18.156683000	0x40	192	0x509c	0	2	0002
13435	18.156851000	0x40	192	0x5066	0	3	9d010c
13437	18.157282000	0xc0	192	0x5066	0	1	
13439	18.158167000	0x40	192	0x509c	0	2	0002
13441	18.158438000	0x40	192	0x5066	0	3	9d010e
13445	18.159001000	0xc0	192	0x5066	0	1	
13447	18.159762000	0x40	192	0x509c	0	2	0002
13449	18.159885000	0x40	192	0x5066	0	3	9d0148
13451	18.160384000	0xc0	192	0x5066	0	1	
13453	18.161266000	0x40	192	0x509c	0	2	0002
13455	18.161407000	0x40	192	0x5066	0	3	9d010b
13457	18.161889000	0xc0	192	0x5066	0	1	
13461	18.162770000	0x40	192	0x509c	0	2	0002
13465	18.163046000	0x40	192	0x5066	0	3	9d0111
13467	18.163391000	0xc0	192	0x5066	0	1	
13469	18.164268000	0x40	192	0x509c	0	2	0002
13471	18.164389000	0x40	192	0x5066	0	3	9d0112
13473	18.164891000	0xc0	192	0x5066	0	1	
13475	18.165813000	0x40	192	0x509c	0	2	0002
13477	18.166034000	0x40	192	0x509c	0	2	2000
13479	18.166516000	0x40	192	0x5066	0	3	9b0109
13483	18.167044000	0xc0	192	0x5066	0	1	
13485	18.167925000	0x40	192	0x509c	0	2	0002
13487	18.168140000	0x40	192	0x5066	0	3	9d010b
13489	18.168639000	0xc0	192	0x5066	0	1	
13495	18.174406000	0x40	192	0x509c	0	2	0002
13497	18.174648000	0x40	192	0x5066	0	3	9d010b
13501	18.175143000	0xc0	192	0x5066	0	1	
13505	18.180776000	0x40	192	0x509c	0	2	0002
13507	18.181027000	0x40	192	0x5066	0	3	9d010b
13509	18.181515000	0xc0	192	0x5066	0	1	
13513	18.182414000	0x40	192	0x509c	0	2	0002
13515	18.182644000	0x40	192	0x5066	0	3	9d014b
13519	18.183140000	0xc0	192	0x5066	0	1	
13521	18.184018000	0x40	192	0x5066	0	3	9b010e
13523	18.184140000	0xc0	192	0x5066	0	1	
13573	18.290164000	0x40	198	0x0032	257	60	55803c006a800f006b80fe00018107000b82df000c823f000e820800488260009b82f0001182ff001282ff001182ff001282ff000e40d09a0e40809a
